{"camera_matrix": [[1157.779421577519, 0.0, 667.1110496954291], [0.0, 1152.8230514902398, 386.1290684676856], [0.0, 0.0, 1.0]], "distortion_coefficients": [[-0.24688832592452473, -0.023728165172150442, -0.0010984299484907956, 0.0003510528959200928, -0.002591342172425355]], "rotation_vectors": [[[0.1801513677766593], [-0.05108936907006387], [-0.0011928070384994176]], [[0.037960151638137644], [-0.4639075536065444], [-0.05634294114843198]], [[0.2139253241298066], [-0.06380925231628798], [0.011479282829969014]], [[0.055125550056001074], [-0.5176841324985], [-0.004212387069476824]], [[-0.33009133682154557], [0.6608343172867505], [-0.41563489400925746]], [[0.5088140121135996], [-0.21913435497403075], [0.02924910356552321]], [[0.017482293746429383], [0.024943673839003224], [-0.005565210568741853]], [[-0.023415699915924498], [-0.4874369795834179], [0.020252145885035006]], [[0.034919134200147785], [0.6517572607761759], [0.009752866648438838]], [[0.08577076539412401], [0.38442849368717513], [0.05432207269765449]], [[0.034029427963730444], [0.4585159786871474], [0.005316758235908995]], [[-0.4495042694663304], [-0.06457078542719477], [-0.018899502481892805]], [[-0.1946809644182533], [-0.7596150756811758], [0.12133136134669005]], [[0.018854466636248565], [0.6388207112137778], [0.008628969608260383]], [[-0.023122746992870834], [0.3831214923521154], [-0.004283684988624235]], [[0.6330327360642335], [-0.048112521474796714], [0.01736396027996873]], [[0.027463544676949895], [-0.7041038884916542], [-0.01815862780428596]]], "translation_vectors": [[[-3.611290431077671], [-4.124776240956547], [17.84110918020737]], [[4.927364572326117], [-5.049964034019972], [19.815768774054604]], [[-3.9470785396584738], [-1.3123410332512397], [17.080608086312246]], [[5.410103195746683], [-4.444761042608357], [20.806679940314588]], [[-6.006652508586512], [-1.5572037349719012], [26.688073394055852]], [[-2.0753928547069656], [-0.7215946030638078], [19.60898982845791]], [[-4.911439554040043], [-3.8499197714855864], [30.516076498401073]], [[4.51996988610831], [-1.4632621685045697], [19.996657650933127]], [[-0.17052089805154294], [-3.4675151563868463], [21.90002589888761]], [[-12.986747217356077], [-5.578012678104604], [23.732832994930792]], [[-16.943253128565992], [-3.4738766605275986], [32.029873113986966]], [[-4.380510829561152], [-3.0512625794521195], [10.729262374825655]], [[-0.8311575434855931], [-4.572523100613096], [21.73148365000906]], [[-9.577726746292615], [-3.2691815110377096], [32.150837166112204]], [[-13.392370028742096], [-0.4671835692686173], [24.53059439217141]], [[-3.811401810790334], [-1.6002795464017445], [7.975035155866124]], [[0.7475661809483053], [-2.909078763063422], [19.60784696557808]]]}